,classe,area
0,1,64929915.908573076
1,2,8326542.739452783
2,3,6106206.6525400095
3,4,5626769.522207544
4,5,1240906.707404438
